,company_id,company_name,location,opportunity,family,schedule_flex,enrichment,culture,overall_satisfaction
0,0,Jerónimo Martins,Lisboa,2.67,3.0,2.33,3.25,3.67,2.98
1,1,Pingo Doce,Madeira,3.0,2.5,2.67,2.5,2.33,2.6
2,2,Porto Editora,Porto,2.33,2.0,3.67,2.5,2.67,2.63
3,3,Tabaqueira,Vila Real,3.67,4.0,2.33,2.75,3.33,3.22
4,4,Sonae,Bragança,4.0,2.0,3.33,3.0,4.0,3.27
5,5,Continente,Viana do Castelo,3.0,2.5,2.33,2.5,3.0,2.67
6,6,Churchill's Port,Madeira,3.0,3.5,3.0,3.25,2.33,3.02
7,7,Energias de Portugal (EDP),Açores,3.33,5.0,2.67,3.0,3.33,3.47
8,8,MEO,Viseu,3.0,3.0,3.33,3.5,2.0,2.97
9,9,Energias de Portugal (EDP),Madeira,3.33,3.5,3.67,3.0,3.0,3.3
10,10,Redes Energéticas Nacionais (REN),Açores,3.0,3.5,3.33,3.5,3.33,3.33
11,11,The Navigator Company,Coimbra,2.67,2.5,2.67,2.75,3.67,2.85
12,12,NOS,Beja,3.67,3.0,2.33,3.5,2.33,2.97
13,13,Move Interactive,Viseu,2.67,4.0,3.67,3.5,2.67,3.3
14,14,Televisão Independente,Braga,2.67,4.5,2.67,3.25,3.0,3.22
15,15,TAP Air Portugal,Évora,3.33,4.0,4.0,3.25,2.0,3.32
16,16,NOS,Lisboa,2.67,2.5,3.33,2.5,3.0,2.8
17,17,Quidgest,Bragança,3.67,2.0,2.67,2.5,4.33,3.03
18,18,Soares da Costa,Castelo Branco,3.0,2.0,3.67,2.75,2.67,2.82
19,19,Medinfar,Viseu,2.67,2.0,3.33,3.0,3.67,2.93
20,20,Sumol + Compal,Portalegre,3.0,2.5,2.67,4.0,3.67,3.17
21,21,Iberomoldes,Viseu,2.33,3.0,2.33,3.25,2.67,2.72
22,22,Churchill's Port,Coimbra,2.67,4.0,2.33,3.0,3.33,3.07
23,23,Mota-Engil,Portalegre,2.67,3.5,1.67,2.75,3.67,2.85
24,24,Cofina,Braga,3.67,3.0,3.0,3.0,3.0,3.13
25,25,MEO,Madeira,3.67,4.0,3.33,3.0,2.33,3.27
26,26,Vista Alegre,Coimbra,3.0,2.5,3.0,3.75,3.33,3.12
27,27,SIC,Viana do Castelo,3.33,3.0,3.0,3.75,2.67,3.15
28,28,Move Interactive,Açores,3.67,3.0,4.0,3.25,1.33,3.05
29,29,Tranquilidade,Leiria,3.67,1.5,3.33,4.0,2.0,2.9
30,30,Cimpor,Faro,2.67,3.5,3.0,3.0,2.0,2.83
31,31,Medinfar,Santarém,2.67,2.5,2.67,3.0,3.33,2.83
32,32,Uniplaces,Braga,2.0,3.5,3.33,2.75,2.33,2.78
33,33,Portugal Telecom,Santarém,3.33,3.0,3.0,2.25,3.0,2.92
34,34,Cofina,Lisboa,2.33,3.5,3.33,2.0,3.33,2.9
35,35,TIMWE,Setúbal,3.0,2.5,2.33,2.75,2.67,2.65
36,36,Novabase,Vila Real,2.33,3.0,2.33,2.75,2.33,2.55
37,37,Jerónimo Martins,Castelo Branco,2.33,2.5,3.67,3.0,2.0,2.7
38,38,Galp Energia,Aveiro,2.33,3.0,2.67,3.5,2.33,2.77
39,39,Martifer,Setúbal,3.0,3.0,3.0,3.75,3.0,3.15
40,40,MEO,Guarda,3.0,2.0,3.0,2.25,2.33,2.52
41,41,Central de Cervejas,Açores,3.0,2.5,3.67,2.5,3.33,3.0
42,42,Churchill's Port,Setúbal,3.0,3.0,2.67,2.75,3.67,3.02
43,43,TIMWE,Braga,3.33,2.0,2.33,2.75,3.67,2.82
44,44,Vista Alegre,Leiria,2.67,5.0,4.0,2.75,2.67,3.42
45,45,Sumol + Compal,Vila Real,3.0,3.5,1.67,2.25,3.67,2.82
46,46,Iberomoldes,Madeira,2.67,3.5,3.0,2.5,4.0,3.13
47,47,Fábrica Nacional de Munições de Armas Ligeiras,Lisboa,3.67,2.0,3.67,3.0,2.0,2.87
48,48,Jerónimo Martins,Bragança,3.0,4.0,2.67,2.5,3.0,3.03
49,49,Cofina,Aveiro,2.67,3.0,3.67,2.75,3.0,3.02
50,50,Altri,Porto,3.0,2.0,3.33,3.5,3.33,3.03
51,51,Glintt,Madeira,3.33,3.5,2.0,2.25,2.67,2.75
52,52,Portugal Telecom,Beja,2.33,4.5,3.0,2.75,2.33,2.98
53,53,Lactogal,Viseu,3.0,3.0,1.67,3.0,1.67,2.47
54,54,Iberomoldes,Évora,2.33,4.5,3.33,2.75,2.67,3.12
55,55,Quidgest,Bragança,4.0,3.5,1.33,2.75,3.0,2.92
56,56,SAPO,Castelo Branco,1.67,3.5,2.67,3.25,4.33,3.08
57,57,SAPO,Lisboa,3.67,2.5,2.33,2.75,3.33,2.92
58,58,Semapa,Madeira,3.33,3.0,2.0,2.5,3.33,2.83
59,59,Televisão Independente,Lisboa,3.0,3.0,2.67,3.25,3.67,3.12
60,60,Redes Energéticas Nacionais (REN),Guarda,3.33,3.0,2.0,3.25,3.33,2.98
61,61,Soares da Costa,Portalegre,3.33,2.5,3.33,3.75,2.67,3.12
62,62,Semapa,Porto,2.67,3.0,3.0,3.25,2.33,2.85
63,63,Biotecnol,Leiria,2.67,3.0,3.0,2.75,1.33,2.55
64,64,Quidgest,Portalegre,1.67,3.0,2.67,2.75,2.33,2.48
65,65,Montepio,Setúbal,3.0,3.5,3.33,3.5,2.67,3.2
66,66,Simoldes,Castelo Branco,3.33,3.0,3.0,2.75,3.33,3.08
67,67,Simoldes,Aveiro,3.0,2.0,3.0,3.25,3.33,2.92
68,68,Ironhack,Faro,2.67,3.0,2.67,2.25,3.67,2.85
69,69,"CTT Correios de Portugal, S.A. (CTT)",Porto,2.67,3.5,2.67,3.0,3.67,3.1
70,70,Televisão Independente,Braga,2.67,3.5,3.0,3.25,3.0,3.08
71,71,Rádio e Televisão de Portugal,Coimbra,2.67,4.0,3.33,3.5,2.67,3.23
72,72,Corticeira Amorim,Vila Real,3.0,2.5,3.33,2.75,3.33,2.98
73,73,Mota-Engil,Porto,2.33,4.0,3.33,3.75,2.33,3.15
74,74,Rádio e Televisão de Portugal,Aveiro,3.0,3.0,3.33,3.25,3.0,3.12
75,75,Move Interactive,Viana do Castelo,3.0,3.5,2.67,2.5,2.33,2.8
76,76,Vista Alegre,Madeira,2.67,2.0,2.67,3.0,3.33,2.73
77,77,Portugal Telecom,Lisboa,2.33,3.0,4.33,3.25,3.0,3.18
78,78,Cofina,Viana do Castelo,2.33,3.5,4.0,2.0,3.33,3.03
79,79,Uniplaces,Madeira,3.33,3.5,3.33,3.0,2.67,3.17
80,80,Novo Banco,Coimbra,3.0,2.0,3.67,3.5,3.0,3.03
81,81,Ironhack,Aveiro,1.67,3.5,2.33,4.0,2.67,2.83
82,82,Critical Software,Porto,4.33,2.5,3.0,3.0,3.33,3.23
83,83,Pingo Doce,Bragança,2.67,1.0,3.0,3.5,2.67,2.57
84,84,Carris,Beja,2.67,3.5,1.67,3.5,2.67,2.8
85,85,Portugal Telecom,Portalegre,3.0,2.0,4.0,2.25,3.33,2.92
86,86,Montepio,Santarém,3.33,3.5,2.67,3.0,3.0,3.1
87,87,Glintt,Madeira,4.0,3.5,3.33,2.5,3.67,3.4
88,88,Sovena Group,Açores,3.33,4.5,4.0,2.5,2.67,3.4
89,89,Fábrica Nacional de Munições de Armas Ligeiras,Madeira,3.67,3.0,2.33,3.0,3.67,3.13
90,90,Renova,Beja,4.0,2.5,4.0,2.5,2.0,3.0
91,91,Televisão Independente,Viana do Castelo,3.33,4.0,3.0,2.5,2.0,2.97
92,92,SAPO,Viseu,2.33,3.0,3.0,2.75,2.67,2.75
93,93,Cofina,Santarém,3.67,3.5,3.0,3.0,3.33,3.3
94,94,Cimpor,Viana do Castelo,1.67,2.5,3.33,3.0,3.67,2.83
95,95,Tupam editores,Coimbra,1.67,3.5,2.33,2.0,2.0,2.3
96,96,SIC,Setúbal,2.0,2.5,3.33,2.5,3.67,2.8
97,97,Central de Cervejas,Açores,2.67,3.0,2.33,3.5,1.67,2.63
98,98,EFACEC,Madeira,3.33,3.0,2.33,2.5,2.67,2.77
99,99,Ciberbit,Guarda,3.33,2.0,3.0,2.5,2.33,2.63
100,100,Novo Banco,Portalegre,3.67,1.5,2.33,2.5,3.33,2.67
101,101,Mota-Engil,Porto,3.0,3.0,1.67,3.25,3.33,2.85
102,102,Corticeira Amorim,Faro,2.0,2.5,3.67,2.25,2.67,2.62
103,103,Galp Energia,Coimbra,3.0,3.0,3.0,2.5,3.33,2.97
104,104,Grupo José de Mello,Portalegre,3.33,3.5,2.67,2.75,2.67,2.98
105,105,Medinfar,Faro,2.33,2.5,3.0,4.0,2.67,2.9
106,106,Media Capital,Braga,3.0,1.5,3.67,2.5,3.0,2.73
107,107,Galp Energia,Setúbal,2.67,3.5,3.33,2.25,3.67,3.08
108,108,Conservas Ramirez,Viana do Castelo,3.0,1.0,2.33,4.0,2.33,2.53
109,109,Jerónimo Martins,Faro,3.33,2.0,3.33,3.75,1.67,2.82
110,110,Lactogal,Beja,2.67,2.0,3.33,3.0,2.67,2.73
111,111,"CTT Correios de Portugal, S.A. (CTT)",Bragança,1.67,2.5,2.33,3.0,2.33,2.37
112,112,Cofina,Leiria,3.0,3.0,3.0,3.25,3.33,3.12
113,113,Pingo Doce,Guarda,2.33,2.0,2.33,2.25,3.67,2.52
114,114,Galp Energia,Porto,4.33,2.5,3.33,2.75,2.67,3.12
115,115,Galp Energia,Viana do Castelo,4.0,2.0,3.0,2.25,3.33,2.92
116,116,Simoldes,Viseu,3.0,2.0,2.67,3.0,3.33,2.8
117,117,Galp Energia,Coimbra,2.33,3.0,3.67,3.0,2.0,2.8
118,118,Galp Energia,Braga,3.33,3.0,3.33,2.0,3.0,2.93
119,119,Soares da Costa,Lisboa,4.0,4.5,2.67,4.0,3.33,3.7
120,120,Carris,Coimbra,2.33,1.5,2.67,3.5,2.33,2.47
121,121,Ambar – Ideas on Paper S.A.,Évora,2.33,2.0,3.0,2.75,2.0,2.42
122,122,TIMWE,Vila Real,1.67,3.5,3.0,3.5,2.33,2.8
123,123,TAP Air Portugal,Aveiro,3.0,2.5,2.33,3.5,3.67,3.0
124,124,UMM,Castelo Branco,2.33,2.5,2.33,2.5,3.0,2.53
125,125,UMM,Viseu,4.0,3.5,3.0,2.75,3.67,3.38
126,126,TAP Air Portugal,Setúbal,3.0,2.0,3.33,3.25,2.33,2.78
127,127,Cofina,Guarda,2.67,3.0,3.33,2.25,3.33,2.92
128,128,Lactogal,Bragança,2.67,3.0,3.0,2.5,2.67,2.77
129,129,Visabeira,Santarém,2.33,3.0,3.33,3.0,4.0,3.13
130,130,Visabeira,Açores,3.67,2.5,2.67,2.75,2.0,2.72
131,131,Churchill's Port,Setúbal,2.67,3.5,2.33,3.0,3.0,2.9
132,132,Central de Cervejas,Porto,3.0,2.5,3.0,3.25,3.67,3.08
133,133,Montepio,Aveiro,3.33,3.5,3.33,3.0,3.67,3.37
134,134,Quidgest,Madeira,3.33,3.0,2.0,2.5,2.33,2.63
135,135,Continente,Guarda,3.67,3.0,3.33,3.25,2.67,3.18
136,136,Churchill's Port,Porto,2.67,3.0,3.33,2.5,3.33,2.97
137,137,The Navigator Company,Vila Real,2.0,2.5,2.67,3.5,3.33,2.8
138,138,Biotecnol,Vila Real,2.33,2.5,2.33,2.75,3.67,2.72
139,139,Grupo José de Mello,Bragança,2.33,3.0,3.33,2.5,3.0,2.83
140,140,Tupam editores,Évora,3.0,3.5,3.33,2.75,4.0,3.32
141,141,Critical Software,Coimbra,3.0,2.0,3.67,3.25,3.0,2.98
142,142,Montepio,Viana do Castelo,3.33,3.5,2.67,3.0,2.0,2.9
143,143,Churchill's Port,Madeira,3.67,3.0,2.33,2.75,3.0,2.95
144,144,Biotecnol,Évora,4.0,2.5,2.67,3.25,3.33,3.15
145,145,CMS-Helmets,Viana do Castelo,4.0,2.5,3.33,2.75,3.0,3.12
146,146,Redes Energéticas Nacionais (REN),Viana do Castelo,3.67,3.5,3.33,3.0,3.33,3.37
147,147,Simoldes,Vila Real,2.0,3.0,2.67,2.75,1.67,2.42
148,148,Delta Cafés,Setúbal,2.67,2.5,2.33,3.0,3.33,2.77
149,149,Bial,Coimbra,3.0,3.5,3.0,3.0,4.0,3.3
150,150,SAPO,Madeira,2.67,1.0,4.0,3.5,3.33,2.9
151,151,Iberomoldes,Vila Real,2.67,2.0,2.67,2.75,2.33,2.48
152,152,TIMWE,Guarda,2.67,2.0,2.0,1.75,2.0,2.08
153,153,Rádio e Televisão de Portugal,Aveiro,3.33,3.0,2.33,3.0,3.0,2.93
154,154,Renova,Faro,3.67,3.0,3.33,2.5,2.67,3.03
155,155,Corticeira Amorim,Leiria,3.33,2.5,2.67,3.0,3.0,2.9
156,156,Medinfar,Porto,3.67,3.5,3.0,2.75,3.0,3.18
157,157,EFACEC,Coimbra,2.67,3.5,2.33,3.0,3.67,3.03
158,158,Novo Banco,Leiria,2.67,2.0,3.33,2.75,3.67,2.88
159,159,Ironhack,Faro,4.0,2.0,3.0,3.25,3.0,3.05
160,160,Sonae Indústria,Viana do Castelo,2.33,3.0,3.33,4.0,2.33,3.0
161,161,Ironhack,Lisboa,2.67,3.0,3.0,4.0,2.67,3.07
162,162,SIC,Évora,2.67,3.0,2.67,2.75,2.67,2.75
163,163,Chipidea,Viseu,3.0,3.5,3.33,3.5,2.67,3.2
164,164,SIC,Leiria,3.0,2.0,3.33,2.5,3.33,2.83
165,165,Grupo José de Mello,Leiria,3.67,4.0,2.67,2.75,3.33,3.28
166,166,SIC,Braga,4.0,3.0,3.67,1.75,3.0,3.08
167,167,Corticeira Amorim,Portalegre,3.0,3.0,2.67,3.75,3.0,3.08
168,168,Soares da Costa,Madeira,2.67,3.5,2.0,3.0,2.67,2.77
169,169,Impresa,Vila Real,4.33,2.5,2.33,2.75,3.33,3.05
170,170,Tabaqueira,Guarda,2.0,2.0,3.0,2.5,1.67,2.23
171,171,Delta Cafés,Guarda,2.33,2.0,3.33,2.5,3.33,2.7
172,172,Pingo Doce,Faro,3.0,3.0,3.33,2.75,2.67,2.95
173,173,Vista Alegre,Setúbal,3.0,4.5,2.33,3.25,3.0,3.22
174,174,Move Interactive,Leiria,2.0,2.5,3.67,2.75,2.33,2.65
175,175,Sonae Indústria,Coimbra,3.0,3.0,3.0,3.5,2.33,2.97
176,176,Ciberbit,Vila Real,2.0,3.0,2.67,3.5,3.67,2.97
177,177,Novo Banco,Porto,3.67,2.0,3.0,2.75,3.67,3.02
178,178,Caixa Geral de Depósitos,Leiria,3.0,4.0,2.67,2.75,3.67,3.22
179,179,Move Interactive,Portalegre,2.33,3.0,3.0,3.25,3.0,2.92
180,180,Critical Software,Faro,3.0,3.0,3.0,3.0,2.33,2.87
181,181,Tabaqueira,Vila Real,3.0,2.5,1.0,2.25,4.33,2.62
182,182,Churchill's Port,Porto,2.67,4.0,3.67,2.75,2.67,3.15
183,183,Altri,Setúbal,4.0,2.5,2.0,2.75,2.67,2.78
184,184,Logoplaste,Portalegre,2.0,2.5,2.33,2.75,4.0,2.72
185,185,Impresa,Viana do Castelo,3.0,3.5,3.67,3.5,3.33,3.4
186,186,Altri,Évora,3.33,3.0,3.0,2.5,2.33,2.83
187,187,Central de Cervejas,Braga,3.33,2.5,2.33,2.0,3.67,2.77
188,188,Critical Software,Braga,1.67,3.0,2.33,4.0,3.0,2.8
189,189,Banco Comercial Português,Viana do Castelo,2.67,2.0,3.0,2.75,2.0,2.48
190,190,Quidgest,Portalegre,3.33,3.5,2.67,2.75,2.67,2.98
191,191,Chipidea,Leiria,2.67,3.5,3.0,3.0,1.33,2.7
192,192,Biotecnol,Aveiro,3.0,3.5,3.0,3.5,2.33,3.07
193,193,Visabeira,Setúbal,2.67,2.5,3.0,2.5,3.0,2.73
194,194,NOS,Bragança,3.0,3.5,3.0,3.0,4.0,3.3
195,195,Iberomoldes,Lisboa,4.0,4.0,3.0,2.75,3.0,3.35
196,196,Quidgest,Vila Real,3.0,2.5,2.33,3.0,2.33,2.63
197,197,Continente,Aveiro,3.0,4.0,2.33,3.75,2.67,3.15
198,198,Sonae Indústria,Portalegre,3.33,3.5,2.0,2.0,3.0,2.77
199,199,Semapa,Castelo Branco,3.0,3.0,3.0,3.0,3.0,3.0
200,200,Televisão Independente,Santarém,1.67,1.5,3.67,2.25,3.33,2.48
201,201,Sovena Group,Açores,1.33,2.0,2.67,2.75,2.33,2.22
202,202,UMM,Guarda,2.33,2.0,2.0,4.25,2.33,2.58
203,203,Ciberbit,Vila Real,2.67,3.0,4.0,3.5,2.67,3.17
204,204,Unicer Brewery,Açores,2.67,4.0,3.33,2.75,1.67,2.88
205,205,Televisão Independente,Porto,3.33,3.0,2.0,2.25,2.67,2.65
206,206,Central de Cervejas,Porto,3.0,2.5,3.67,2.5,1.67,2.67
207,207,EFACEC,Viseu,2.67,3.0,2.0,3.0,2.67,2.67
208,208,Galp Energia,Braga,3.67,2.5,3.67,2.0,2.67,2.9
209,209,The Navigator Company,Setúbal,2.67,2.0,1.67,2.75,3.0,2.42
210,210,Galp Energia,Viana do Castelo,2.67,3.0,3.0,2.0,2.67,2.67
211,211,Mota-Engil,Madeira,3.0,3.0,2.0,2.25,2.33,2.52
212,212,Simoldes,Lisboa,2.67,2.5,2.0,3.0,3.33,2.7
213,213,Fábrica Nacional de Munições de Armas Ligeiras,Viseu,3.33,2.5,2.33,2.5,3.0,2.73
214,214,Tabaqueira,Guarda,3.67,2.5,1.67,3.0,2.67,2.7
215,215,Ambar – Ideas on Paper S.A.,Setúbal,2.33,3.5,2.67,3.0,3.67,3.03
216,216,Conservas Ramirez,Guarda,3.33,3.0,2.67,3.75,2.33,3.02
217,217,Soares da Costa,Madeira,3.33,2.0,3.33,3.0,2.67,2.87
218,218,Sonae Indústria,Castelo Branco,3.67,4.0,2.67,2.75,2.33,3.08
219,219,Move Interactive,Açores,2.33,3.5,2.67,3.25,3.0,2.95
220,220,Logoplaste,Braga,2.33,3.0,3.0,2.75,1.67,2.55
221,221,Cimpor,Bragança,2.33,4.0,2.67,3.25,2.67,2.98
222,222,Tupam editores,Leiria,2.33,4.0,2.33,3.5,3.0,3.03
223,223,Televisão Independente,Bragança,2.0,1.5,3.33,3.0,3.67,2.7
224,224,Pingo Doce,Porto,4.0,3.0,3.33,3.0,3.33,3.33
225,225,Novo Banco,Coimbra,2.33,2.5,4.33,3.25,2.67,3.02
226,226,Logoplaste,Aveiro,3.0,3.0,2.67,3.25,3.33,3.05
227,227,Portugal Telecom,Porto,3.0,3.5,2.33,2.75,3.0,2.92
228,228,Tupam editores,Beja,3.0,3.0,3.0,3.0,3.33,3.07
229,229,Sonae Indústria,Viseu,2.67,3.0,3.33,3.0,3.67,3.13
230,230,Novo Banco,Évora,2.0,3.5,3.33,3.25,4.0,3.22
231,231,Tranquilidade,Porto,2.67,2.5,2.0,2.25,3.0,2.48
232,232,Uniplaces,Aveiro,2.67,3.0,2.0,1.75,2.67,2.42
233,233,Cofina,Faro,1.67,2.0,2.67,3.75,3.33,2.68
234,234,Grupo José de Mello,Madeira,4.0,3.0,3.67,3.5,2.67,3.37
235,235,Media Capital,Braga,2.67,3.0,3.33,2.75,3.33,3.02
236,236,Jerónimo Martins,Évora,2.67,2.0,2.67,3.5,3.0,2.77
237,237,Televisão Independente,Faro,3.67,3.5,2.33,1.75,3.33,2.92
238,238,Semapa,Bragança,2.0,2.5,2.67,4.0,2.67,2.77
239,239,Sonae,Castelo Branco,3.67,2.0,3.67,2.25,2.67,2.85
240,240,Cimpor,Viseu,3.33,4.0,2.0,3.25,2.0,2.92
241,241,The Navigator Company,Braga,1.67,2.5,3.33,2.75,3.33,2.72
242,242,Churchill's Port,Beja,3.33,3.0,3.0,3.0,3.0,3.07
243,243,Novo Banco,Viseu,2.67,2.0,3.67,2.75,2.67,2.75
244,244,Portugal Telecom,Braga,4.67,4.0,3.33,3.25,3.0,3.65
245,245,MEO,Viseu,2.67,2.0,3.67,3.0,3.33,2.93
246,246,Redes Energéticas Nacionais (REN),Santarém,2.67,3.0,3.0,2.0,3.0,2.73
247,247,Churchill's Port,Setúbal,3.33,2.0,3.67,1.75,3.33,2.82
248,248,Quidgest,Évora,2.67,3.0,3.0,2.75,3.0,2.88
249,249,Banco Comercial Português,Açores,3.33,2.5,4.0,3.25,3.0,3.22
250,250,Impresa,Beja,2.67,1.5,3.0,2.5,3.0,2.53
251,251,Banco Comercial Português,Lisboa,2.0,4.0,2.33,3.0,2.33,2.73
252,252,Continente,Guarda,2.33,3.0,3.67,2.5,2.0,2.7
253,253,Central de Cervejas,Braga,2.33,4.0,3.67,2.75,2.33,3.02
254,254,Visabeira,Portalegre,2.33,2.0,3.33,2.25,3.33,2.65
255,255,MEO,Açores,3.67,3.0,3.33,2.5,1.67,2.83
256,256,Ambar – Ideas on Paper S.A.,Portalegre,3.67,2.5,3.67,2.75,3.33,3.18
257,257,Conservas Ramirez,Santarém,1.67,3.0,3.0,3.0,3.33,2.8
258,258,Medinfar,Porto,2.67,4.5,3.0,2.75,3.0,3.18
259,259,Simoldes,Setúbal,3.67,3.5,3.67,2.5,4.33,3.53
260,260,Ciberbit,Coimbra,2.67,3.0,3.0,3.0,2.67,2.87
261,261,Cimpor,Aveiro,2.33,1.5,3.0,3.25,3.0,2.62
262,262,SIC,Viana do Castelo,2.67,2.5,2.67,2.0,3.33,2.63
263,263,Carris,Viana do Castelo,2.33,2.0,2.67,2.75,3.33,2.62
264,264,Impresa,Portalegre,2.67,2.5,2.33,2.75,3.0,2.65
265,265,Sovena Group,Guarda,2.67,3.0,3.0,3.25,2.33,2.85
266,266,TAP Air Portugal,Madeira,2.0,4.0,3.33,4.0,4.0,3.47
267,267,Televisão Independente,Viana do Castelo,3.0,4.0,3.0,3.25,2.0,3.05
268,268,Martifer,Aveiro,1.67,3.0,2.33,2.75,2.67,2.48
269,269,Montepio,Bragança,2.33,3.5,4.0,3.25,3.67,3.35
270,270,Semapa,Bragança,2.67,2.0,2.33,3.75,2.33,2.62
271,271,Medinfar,Lisboa,3.33,3.0,3.67,3.5,2.67,3.23
272,272,Mota-Engil,Castelo Branco,3.33,4.0,2.33,3.0,4.33,3.4
273,273,Ambar – Ideas on Paper S.A.,Portalegre,2.67,4.0,3.33,3.25,2.33,3.12
274,274,Central de Cervejas,Viseu,3.67,1.5,2.0,3.0,2.33,2.5
275,275,Unicer Brewery,Setúbal,2.33,4.0,2.67,3.0,2.33,2.87
276,276,Novo Banco,Guarda,4.0,2.5,3.67,3.75,2.33,3.25
277,277,Porto Editora,Leiria,4.0,3.0,3.67,3.25,2.67,3.32
278,278,Rádio e Televisão de Portugal,Santarém,3.0,2.5,2.0,3.25,2.0,2.55
279,279,Altri,Aveiro,2.0,4.0,2.67,2.75,2.33,2.75
280,280,Altri,Vila Real,3.33,4.5,2.67,3.0,2.33,3.17
281,281,The Navigator Company,Bragança,3.33,3.5,3.0,2.5,3.33,3.13
282,282,Ambar – Ideas on Paper S.A.,Évora,2.67,3.5,3.0,2.75,2.67,2.92
283,283,Energias de Portugal (EDP),Leiria,3.33,2.0,2.0,3.25,3.0,2.72
284,284,Altri,Viana do Castelo,3.0,3.5,2.33,3.0,3.0,2.97
285,285,Chipidea,Coimbra,2.67,2.5,1.67,3.0,3.0,2.57
286,286,Ciberbit,Açores,3.0,2.5,3.33,2.75,4.67,3.25
287,287,NOS,Évora,3.33,4.5,3.0,3.75,2.0,3.32
288,288,TIMWE,Aveiro,3.33,2.5,3.67,3.75,3.0,3.25
289,289,Delta Cafés,Coimbra,4.0,2.5,2.0,2.5,3.33,2.87
290,290,Televisão Independente,Aveiro,3.67,4.0,1.67,4.25,3.0,3.32
291,291,Medinfar,Viana do Castelo,3.0,1.5,3.0,3.0,3.0,2.7
292,292,The Navigator Company,Braga,4.0,3.5,2.0,3.25,2.67,3.08
293,293,SIC,Madeira,3.67,2.5,3.0,4.0,3.33,3.3
294,294,Soares da Costa,Lisboa,3.67,3.0,3.33,2.75,2.67,3.08
295,295,Pingo Doce,Lisboa,2.33,3.5,2.33,3.0,4.0,3.03
296,296,Media Capital,Faro,2.33,3.0,3.33,3.75,3.33,3.15
297,297,Porto Editora,Portalegre,2.67,3.0,2.0,2.25,2.67,2.52
298,298,Cofina,Castelo Branco,3.33,2.0,3.0,3.0,3.0,2.87
299,299,Semapa,Aveiro,2.67,3.0,3.0,2.0,1.67,2.47
300,300,Lactogal,Açores,3.33,3.0,3.0,3.25,3.33,3.18
301,301,Pingo Doce,Madeira,2.67,2.5,3.0,3.5,3.33,3.0
302,302,Bial,Évora,3.67,3.5,3.33,2.75,3.0,3.25
303,303,UMM,Vila Real,1.67,2.5,3.0,2.5,3.33,2.6
304,304,Altri,Beja,2.67,3.5,3.67,2.0,4.0,3.17
305,305,Chipidea,Faro,3.0,3.0,3.67,3.0,3.0,3.13
306,306,Martifer,Madeira,3.0,2.0,2.67,3.0,2.33,2.6
307,307,Tupam editores,Porto,3.0,2.0,3.33,2.5,3.33,2.83
308,308,Iberomoldes,Aveiro,3.33,3.0,3.33,3.5,3.0,3.23
309,309,NOS,Beja,2.67,4.5,4.0,3.25,3.0,3.48
310,310,Medinfar,Viana do Castelo,2.33,1.5,2.33,4.0,3.0,2.63
311,311,NOS,Aveiro,3.33,1.5,3.0,3.75,3.33,2.98
312,312,Energias de Portugal (EDP),Coimbra,3.67,2.0,2.33,2.25,3.33,2.72
313,313,Semapa,Santarém,1.0,4.0,3.0,3.25,3.0,2.85
314,314,Altri,Guarda,3.33,1.5,3.0,3.25,3.67,2.95
315,315,Cimpor,Viana do Castelo,3.33,3.0,3.0,3.25,3.67,3.25
316,316,Impresa,Portalegre,3.33,3.0,1.67,3.5,3.33,2.97
317,317,Biotecnol,Leiria,2.0,3.5,3.0,3.0,3.67,3.03
318,318,Corticeira Amorim,Portalegre,3.0,3.5,3.67,2.25,3.33,3.15
319,319,Ambar – Ideas on Paper S.A.,Aveiro,3.0,4.0,3.0,2.25,3.33,3.12
320,320,Novo Banco,Lisboa,2.67,4.0,2.33,3.0,2.67,2.93
321,321,Banco Comercial Português,Coimbra,2.67,3.0,3.67,3.25,3.0,3.12
322,322,"CTT Correios de Portugal, S.A. (CTT)",Lisboa,4.0,3.0,3.0,2.75,2.0,2.95
323,323,Iberomoldes,Évora,2.67,3.0,3.33,3.75,2.0,2.95
324,324,Delta Cafés,Madeira,3.0,2.5,2.33,2.75,3.67,2.85
325,325,Quidgest,Madeira,1.33,3.0,1.67,3.75,2.67,2.48
326,326,Rádio e Televisão de Portugal,Santarém,3.67,3.0,3.33,3.25,3.67,3.38
327,327,Corticeira Amorim,Vila Real,2.33,2.5,3.0,3.25,1.33,2.48
328,328,Impresa,Lisboa,3.33,4.5,2.67,2.5,3.0,3.2
329,329,SAPO,Évora,3.67,3.0,2.67,3.0,2.33,2.93
330,330,Rádio e Televisão de Portugal,Bragança,3.33,2.5,3.0,3.25,3.33,3.08
331,331,EFACEC,Faro,2.67,2.5,2.33,2.75,3.67,2.78
332,332,Renova,Évora,2.33,2.5,3.0,3.5,2.67,2.8
333,333,TAP Air Portugal,Lisboa,3.0,3.0,4.0,4.5,3.33,3.57
334,334,Cofina,Porto,3.33,3.0,2.67,3.0,3.0,3.0
335,335,Continente,Beja,3.33,3.0,3.0,3.0,3.33,3.13
336,336,Churchill's Port,Setúbal,2.33,3.5,2.67,2.75,2.33,2.72
337,337,Corticeira Amorim,Portalegre,3.67,3.5,3.33,2.25,3.0,3.15
338,338,Ironhack,Braga,3.33,3.0,3.33,3.25,1.67,2.92
339,339,Redes Energéticas Nacionais (REN),Portalegre,3.33,4.0,3.0,2.25,3.67,3.25
340,340,CMS-Helmets,Viseu,4.0,2.5,2.0,2.75,2.33,2.72
341,341,Semapa,Coimbra,2.33,3.5,3.33,3.25,2.67,3.02
342,342,Quidgest,Faro,2.67,3.0,2.67,3.75,2.67,2.95
343,343,Semapa,Castelo Branco,2.67,3.5,3.33,2.75,2.67,2.98
344,344,Fábrica Nacional de Munições de Armas Ligeiras,Beja,3.0,3.0,2.67,3.25,4.0,3.18
345,345,Uniplaces,Porto,4.0,2.5,3.33,3.75,3.0,3.32
346,346,SIC,Viseu,3.0,2.5,2.67,2.75,2.0,2.58
347,347,Martifer,Vila Real,3.0,2.5,2.33,3.5,2.33,2.73
348,348,Critical Software,Açores,3.0,3.5,2.67,2.5,2.33,2.8
349,349,Tupam editores,Porto,3.0,3.0,2.33,2.75,4.0,3.02
350,350,Critical Software,Portalegre,2.67,2.0,4.0,2.75,3.33,2.95
351,351,Altri,Faro,3.33,3.0,2.67,2.5,3.67,3.03
352,352,UMM,Coimbra,2.33,2.5,3.33,2.5,1.67,2.47
353,353,Ciberbit,Porto,3.0,2.5,3.0,2.5,2.0,2.6
354,354,Simoldes,Porto,3.0,4.0,3.0,1.75,3.0,2.95
355,355,Cimpor,Aveiro,2.33,2.0,2.33,2.5,3.0,2.43
356,356,Ironhack,Aveiro,3.67,1.5,3.67,2.75,3.0,2.92
357,357,Redes Energéticas Nacionais (REN),Évora,2.0,3.5,2.67,3.25,2.33,2.75
358,358,Portugal Telecom,Porto,4.0,1.0,2.67,3.75,3.33,2.95
359,359,Continente,Beja,2.67,1.5,3.0,2.75,2.33,2.45
360,360,Chipidea,Coimbra,2.0,3.0,1.67,2.0,3.67,2.47
361,361,Vista Alegre,Bragança,3.0,2.5,2.0,3.25,3.0,2.75
362,362,Bial,Lisboa,3.33,2.0,3.0,3.0,2.33,2.73
363,363,Sumol + Compal,Braga,3.0,3.0,3.33,3.5,3.33,3.23
364,364,Ironhack,Santarém,3.0,2.5,3.33,2.5,3.67,3.0
365,365,Jerónimo Martins,Évora,2.33,2.0,2.33,3.75,3.33,2.75
366,366,Jerónimo Martins,Aveiro,2.33,3.0,3.33,2.75,2.0,2.68
367,367,Carris,Faro,3.0,3.5,2.0,3.25,3.0,2.95
368,368,Sovena Group,Santarém,3.33,4.0,3.33,3.25,4.33,3.65
369,369,Grupo José de Mello,Coimbra,2.67,3.5,2.67,2.5,2.67,2.8
370,370,Jerónimo Martins,Braga,3.33,3.5,3.0,4.0,3.0,3.37
371,371,Move Interactive,Vila Real,3.67,3.0,3.33,4.0,2.67,3.33
372,372,TIMWE,Castelo Branco,1.67,3.0,4.33,2.75,2.67,2.88
373,373,Sonae,Setúbal,3.0,2.5,2.33,2.5,3.0,2.67
374,374,SIC,Santarém,2.67,3.5,3.0,3.0,3.0,3.03
375,375,Sumol + Compal,Braga,1.67,1.5,2.67,2.75,2.33,2.18
376,376,Soares da Costa,Aveiro,3.33,4.5,3.0,3.5,3.0,3.47
377,377,CMS-Helmets,Viseu,3.67,3.5,3.0,3.5,2.33,3.2
378,378,Jerónimo Martins,Castelo Branco,3.33,2.5,3.0,2.25,3.67,2.95
379,379,Quidgest,Faro,2.33,2.5,2.67,2.75,4.0,2.85
380,380,Montepio,Leiria,2.0,2.5,2.67,3.5,3.33,2.8
381,381,Logoplaste,Beja,2.33,3.5,2.67,2.25,3.0,2.75
382,382,Portugal Telecom,Portalegre,2.67,3.5,2.33,3.25,3.33,3.02
383,383,Cimpor,Setúbal,3.67,3.0,3.0,3.0,3.33,3.2
384,384,Porto Editora,Portalegre,3.0,3.0,3.67,3.5,3.0,3.23
385,385,Visabeira,Bragança,3.0,2.0,3.67,3.25,2.67,2.92
386,386,Carris,Viana do Castelo,3.33,3.5,3.33,3.25,3.0,3.28
387,387,Novabase,Lisboa,3.0,2.5,2.67,3.75,2.0,2.78
388,388,Visabeira,Guarda,4.33,4.0,2.33,2.75,2.0,3.08
389,389,Fábrica Nacional de Munições de Armas Ligeiras,Faro,3.33,3.0,3.0,2.75,3.33,3.08
390,390,Sovena Group,Guarda,3.33,3.5,3.0,2.75,2.0,2.92
391,391,Medinfar,Beja,2.33,3.0,3.33,3.25,3.67,3.12
392,392,EFACEC,Aveiro,4.0,2.5,2.67,2.5,3.33,3.0
393,393,Biotecnol,Portalegre,3.0,2.0,2.33,2.5,3.67,2.7
394,394,The Navigator Company,Beja,4.0,1.5,3.0,3.25,2.67,2.88
395,395,Cimpor,Guarda,2.67,3.5,3.0,2.75,3.0,2.98
396,396,Vista Alegre,Viseu,3.0,2.5,2.33,2.75,4.0,2.92
397,397,Portugal Telecom,Beja,3.0,4.0,2.67,3.75,2.67,3.22
398,398,Semapa,Guarda,3.67,2.0,3.0,3.5,3.67,3.17
399,399,SAPO,Santarém,2.67,4.0,3.0,3.5,2.33,3.1
400,400,EFACEC,Viseu,3.0,4.0,3.67,4.0,3.67,3.67
401,401,NOS,Évora,1.67,1.5,3.33,2.75,3.67,2.58
402,402,Novabase,Évora,1.0,3.0,4.0,3.25,2.33,2.72
403,403,Sonae,Porto,3.67,3.0,3.0,2.0,3.33,3.0
404,404,Energias de Portugal (EDP),Madeira,3.33,3.5,2.0,4.5,2.33,3.13
405,405,Visabeira,Santarém,3.0,3.0,3.33,1.75,3.33,2.88
406,406,Martifer,Viseu,3.67,3.5,1.67,2.5,2.33,2.73
407,407,Media Capital,Leiria,3.67,2.0,2.67,3.75,2.67,2.95
408,408,The Navigator Company,Bragança,3.33,3.5,2.33,3.0,3.0,3.03
409,409,Quidgest,Porto,3.33,4.5,3.33,2.25,3.33,3.35
410,410,Quidgest,Viseu,2.33,4.5,2.67,2.5,3.67,3.13
411,411,TIMWE,Vila Real,3.0,3.0,2.67,2.25,3.33,2.85
412,412,"CTT Correios de Portugal, S.A. (CTT)",Lisboa,3.0,3.0,3.33,2.0,2.0,2.67
413,413,Televisão Independente,Coimbra,3.67,3.0,2.67,2.25,2.0,2.72
414,414,UMM,Coimbra,3.33,3.0,2.0,3.0,3.33,2.93
415,415,Biotecnol,Açores,3.33,3.0,3.33,3.0,3.33,3.2
416,416,Altri,Aveiro,2.33,4.0,4.0,2.0,2.0,2.87
417,417,CMS-Helmets,Castelo Branco,2.33,3.5,3.67,3.0,2.67,3.03
418,418,Impresa,Guarda,3.67,2.5,3.33,3.25,3.67,3.28
419,419,Montepio,Bragança,2.33,3.5,4.0,2.75,2.33,2.98
420,420,Renova,Beja,2.0,4.0,3.33,2.5,2.67,2.9
421,421,UMM,Évora,3.33,3.0,3.0,3.25,2.33,2.98
422,422,Mota-Engil,Santarém,3.67,1.5,2.33,2.5,3.0,2.6
423,423,Pingo Doce,Coimbra,3.33,2.0,2.33,2.25,3.33,2.65
424,424,Semapa,Lisboa,4.0,0.5,2.33,3.0,3.0,2.57
425,425,Glintt,Faro,2.33,4.5,2.0,3.25,2.33,2.88
426,426,Ambar – Ideas on Paper S.A.,Bragança,3.33,4.0,2.0,3.0,3.0,3.07
427,427,Visabeira,Coimbra,2.67,3.5,3.33,3.0,3.0,3.1
428,428,Novabase,Vila Real,3.67,2.0,2.33,3.0,2.67,2.73
429,429,Tranquilidade,Santarém,4.67,2.5,3.0,3.5,3.33,3.4
430,430,The Navigator Company,Faro,3.0,3.0,2.67,3.5,3.0,3.03
431,431,Sumol + Compal,Viseu,3.0,3.5,2.67,2.75,2.33,2.85
432,432,Iberomoldes,Vila Real,3.33,3.5,2.33,3.0,3.0,3.03
433,433,Chipidea,Madeira,3.0,3.0,3.33,2.5,2.67,2.9
434,434,Ambar – Ideas on Paper S.A.,Évora,3.0,2.0,3.0,3.5,2.67,2.83
435,435,Vista Alegre,Vila Real,3.33,3.5,2.67,2.25,3.33,3.02
436,436,Ciberbit,Coimbra,2.33,2.5,3.33,2.0,2.67,2.57
437,437,Chipidea,Portalegre,3.0,4.0,3.0,3.5,3.0,3.3
438,438,SIC,Castelo Branco,2.67,4.0,3.33,3.0,2.33,3.07
439,439,Corticeira Amorim,Açores,2.33,4.0,3.67,3.75,3.67,3.48
440,440,Central de Cervejas,Bragança,3.0,3.5,1.67,3.25,4.33,3.15
441,441,Porto Editora,Faro,2.0,3.5,3.67,2.0,2.67,2.77
442,442,Carris,Aveiro,2.33,3.5,3.0,3.5,3.33,3.13
443,443,Galp Energia,Viseu,3.0,2.0,3.0,2.75,2.33,2.62
444,444,Quidgest,Braga,3.0,2.5,3.33,2.75,3.33,2.98
445,445,Carris,Braga,3.33,3.0,3.67,2.5,3.0,3.1
446,446,Churchill's Port,Portalegre,3.0,3.0,2.33,2.75,2.33,2.68
447,447,Continente,Braga,2.0,3.0,3.0,3.25,2.33,2.72
448,448,Tabaqueira,Faro,3.67,3.0,2.67,2.5,2.0,2.77
449,449,Televisão Independente,Lisboa,2.67,2.0,3.67,3.5,2.67,2.9
450,450,Redes Energéticas Nacionais (REN),Lisboa,2.33,4.0,3.33,4.0,2.33,3.2
451,451,Portugal Telecom,Portalegre,2.33,3.0,3.67,4.0,1.67,2.93
452,452,TAP Air Portugal,Aveiro,3.0,3.0,2.33,3.5,2.33,2.83
453,453,TIMWE,Coimbra,2.33,1.0,3.0,3.5,5.0,2.97
454,454,Porto Editora,Açores,2.33,3.0,2.33,3.5,2.67,2.77
455,455,Media Capital,Leiria,3.33,3.0,1.33,3.5,2.0,2.63
456,456,Ironhack,Aveiro,2.33,3.5,3.0,3.5,4.0,3.27
457,457,Media Capital,Lisboa,2.67,2.5,3.33,2.75,3.0,2.85
458,458,Portugal Telecom,Leiria,3.0,2.0,3.67,1.75,2.33,2.55
459,459,Montepio,Aveiro,2.33,3.0,3.33,3.0,2.33,2.8
460,460,Churchill's Port,Viana do Castelo,2.33,4.0,2.67,3.25,3.33,3.12
461,461,Redes Energéticas Nacionais (REN),Aveiro,2.67,1.5,3.67,2.75,3.0,2.72
462,462,Renova,Porto,2.33,3.0,3.0,3.0,2.67,2.8
463,463,Energias de Portugal (EDP),Santarém,4.0,3.0,2.67,2.75,3.67,3.22
464,464,Uniplaces,Castelo Branco,2.33,2.0,2.33,3.5,3.67,2.77
465,465,Ambar – Ideas on Paper S.A.,Beja,3.0,3.0,3.33,3.75,3.67,3.35
466,466,Vista Alegre,Lisboa,2.33,3.0,2.33,3.0,2.67,2.67
467,467,Galp Energia,Lisboa,3.0,3.0,1.67,3.25,2.67,2.72
468,468,Tabaqueira,Beja,3.33,2.0,2.33,2.25,3.0,2.58
469,469,Tabaqueira,Vila Real,2.33,2.5,4.0,3.25,3.33,3.08
470,470,Logoplaste,Santarém,3.67,3.5,2.67,3.75,3.0,3.32
471,471,Banco Comercial Português,Viseu,3.0,1.5,3.0,3.75,3.33,2.92
472,472,MEO,Aveiro,3.0,4.0,3.0,2.25,2.0,2.85
473,473,Impresa,Santarém,3.0,3.5,1.67,2.75,3.67,2.92
474,474,Medinfar,Beja,3.33,3.0,3.0,3.0,2.67,3.0
475,475,Cofina,Lisboa,3.33,3.0,2.67,3.25,2.67,2.98
476,476,Cofina,Santarém,3.67,2.0,3.0,2.5,2.67,2.77
477,477,Iberomoldes,Guarda,2.0,2.5,2.33,3.5,3.33,2.73
478,478,Fábrica Nacional de Munições de Armas Ligeiras,Lisboa,2.67,3.5,3.67,3.0,2.0,2.97
479,479,Rádio e Televisão de Portugal,Açores,3.67,3.5,3.33,3.0,4.0,3.5
480,480,Sovena Group,Portalegre,4.0,3.5,3.33,2.5,3.67,3.4
481,481,Chipidea,Évora,2.67,3.0,2.67,1.75,3.67,2.75
482,482,Unicer Brewery,Madeira,3.33,2.5,1.67,3.25,3.0,2.75
483,483,Glintt,Guarda,3.67,3.5,2.33,2.25,2.0,2.75
484,484,Banco Comercial Português,Évora,1.33,2.0,2.67,3.5,4.0,2.7
485,485,Semapa,Porto,3.0,3.0,3.0,2.5,2.0,2.7
486,486,Carris,Madeira,3.67,3.0,2.67,3.25,2.0,2.92
487,487,NOS,Portalegre,1.0,3.5,2.33,2.5,2.33,2.33
488,488,Sonae,Viana do Castelo,3.0,4.0,3.33,4.0,3.0,3.47
489,489,Uniplaces,Lisboa,2.0,3.0,2.67,2.75,3.33,2.75
490,490,Logoplaste,Beja,3.33,1.5,3.0,3.25,3.0,2.82
491,491,Critical Software,Portalegre,3.33,2.0,3.0,3.0,2.67,2.8
492,492,Tupam editores,Guarda,3.67,4.0,2.0,2.75,2.0,2.88
493,493,Tabaqueira,Vila Real,3.0,3.0,3.33,2.75,2.33,2.88
494,494,Energias de Portugal (EDP),Coimbra,2.67,3.0,3.0,3.75,2.0,2.88
495,495,Quidgest,Viana do Castelo,3.0,3.0,3.33,3.0,3.33,3.13
496,496,Visabeira,Aveiro,2.33,2.5,3.33,3.5,3.0,2.93
497,497,Delta Cafés,Leiria,2.33,4.0,3.0,2.5,3.0,2.97
498,498,Ciberbit,Évora,2.67,1.5,2.67,2.5,3.33,2.53
499,499,Sovena Group,Portalegre,3.67,3.0,3.33,3.25,2.33,3.12
500,500,Sumol + Compal,Açores,3.67,3.0,2.33,2.75,1.67,2.68
501,501,The Navigator Company,Bragança,2.67,2.0,2.0,3.5,2.33,2.5
502,502,Renova,Braga,2.33,2.0,3.0,3.5,3.33,2.83
503,503,Soares da Costa,Madeira,3.33,2.0,3.0,2.75,3.0,2.82
504,504,NOS,Bragança,2.67,3.0,3.0,2.75,3.33,2.95
505,505,Altri,Portalegre,3.33,2.0,4.0,2.75,2.33,2.88
506,506,Semapa,Guarda,3.33,2.5,3.33,3.0,3.33,3.1
507,507,Sovena Group,Lisboa,3.0,2.5,3.33,2.75,2.33,2.78
508,508,Televisão Independente,Guarda,2.67,2.5,3.67,3.5,2.67,3.0
509,509,Redes Energéticas Nacionais (REN),Madeira,3.0,2.5,2.67,2.5,3.0,2.73
510,510,Tabaqueira,Faro,3.33,3.0,2.0,2.25,3.67,2.85
511,511,Caixa Geral de Depósitos,Faro,2.67,2.0,3.67,3.0,3.0,2.87
512,512,UMM,Faro,3.0,2.5,3.0,3.75,3.33,3.12
513,513,The Navigator Company,Açores,2.67,3.0,3.67,2.5,1.67,2.7
514,514,Tupam editores,Viana do Castelo,3.0,1.5,2.67,2.75,2.67,2.52
515,515,Central de Cervejas,Portalegre,2.33,1.5,3.0,2.75,2.67,2.45
516,516,Ambar – Ideas on Paper S.A.,Setúbal,2.33,2.0,3.33,3.0,4.0,2.93
517,517,Caixa Geral de Depósitos,Évora,2.33,2.5,2.0,2.75,3.33,2.58
518,518,Fábrica Nacional de Munições de Armas Ligeiras,Açores,3.0,3.0,3.33,2.0,3.0,2.87
519,519,Portugal Telecom,Viana do Castelo,2.67,2.5,1.67,3.5,2.67,2.6
520,520,Ironhack,Porto,4.0,3.5,2.67,3.75,3.67,3.52
521,521,Carris,Viseu,3.67,1.5,3.0,2.25,3.0,2.68
522,522,Altri,Leiria,3.33,3.0,3.67,3.0,2.67,3.13
523,523,Media Capital,Leiria,2.67,1.5,3.67,3.25,3.67,2.95
524,524,Galp Energia,Vila Real,3.0,3.0,2.33,2.25,1.67,2.45
525,525,Cofina,Portalegre,3.33,2.0,3.33,3.75,3.33,3.15
526,526,Visabeira,Bragança,3.33,4.0,3.33,3.75,2.33,3.35
527,527,Energias de Portugal (EDP),Guarda,2.67,3.5,2.33,3.0,2.33,2.77
528,528,Uniplaces,Guarda,2.67,3.0,3.33,2.5,2.67,2.83
529,529,Chipidea,Évora,2.33,2.5,2.33,4.0,2.67,2.77
530,530,Ambar – Ideas on Paper S.A.,Porto,3.33,3.0,3.67,2.5,2.67,3.03
531,531,Central de Cervejas,Açores,3.67,2.5,3.0,3.0,2.33,2.9
532,532,MEO,Vila Real,3.0,3.0,3.33,3.25,2.67,3.05
533,533,Sonae Indústria,Viseu,2.33,4.0,3.0,3.25,3.33,3.18
534,534,Central de Cervejas,Leiria,2.33,2.0,2.67,2.5,2.0,2.3
535,535,Galp Energia,Viana do Castelo,2.67,3.5,3.0,3.5,3.33,3.2
536,536,Uniplaces,Viana do Castelo,3.0,3.0,3.67,3.5,2.33,3.1
537,537,Tabaqueira,Santarém,3.67,2.5,2.33,3.0,2.67,2.83
538,538,Mota-Engil,Braga,3.33,3.5,2.67,2.25,3.33,3.02
539,539,Corticeira Amorim,Viana do Castelo,3.0,3.0,3.67,3.75,3.67,3.42
540,540,Chipidea,Viseu,2.67,2.5,3.33,2.75,3.33,2.92
541,541,Uniplaces,Viseu,2.67,2.5,2.33,2.0,3.33,2.57
542,542,Martifer,Santarém,2.33,3.0,2.67,2.75,4.0,2.95
543,543,Lactogal,Santarém,4.0,4.0,3.0,3.0,3.0,3.4
544,544,Impresa,Vila Real,4.0,2.0,2.67,3.25,3.0,2.98
545,545,SIC,Évora,3.0,4.0,3.33,2.25,2.67,3.05
546,546,"CTT Correios de Portugal, S.A. (CTT)",Castelo Branco,2.0,2.5,3.0,2.25,3.33,2.62
547,547,Portugal Telecom,Coimbra,1.67,1.5,2.67,2.5,3.33,2.33
548,548,Fábrica Nacional de Munições de Armas Ligeiras,Vila Real,3.0,3.5,2.0,2.25,3.33,2.82
549,549,Tupam editores,Leiria,3.67,2.5,3.33,2.75,3.0,3.05
550,550,Sonae,Guarda,3.33,2.5,2.33,2.75,3.67,2.92
551,551,Lactogal,Porto,2.67,2.0,3.67,2.0,3.33,2.73
552,552,Sonae Indústria,Viseu,2.33,4.0,3.67,3.5,3.0,3.3
553,553,Ironhack,Viana do Castelo,3.33,3.5,3.33,2.75,3.33,3.25
554,554,Uniplaces,Vila Real,3.33,2.0,3.0,3.5,3.33,3.03
555,555,Banco Comercial Português,Vila Real,3.0,3.0,4.67,3.5,3.0,3.43
556,556,Sumol + Compal,Castelo Branco,3.33,4.5,3.0,2.5,2.67,3.2
557,557,Corticeira Amorim,Bragança,2.67,3.0,2.67,3.0,2.33,2.73
558,558,Novabase,Coimbra,3.0,4.0,2.67,2.75,2.67,3.02
559,559,Fábrica Nacional de Munições de Armas Ligeiras,Porto,4.0,2.5,3.67,3.0,3.67,3.37
560,560,Chipidea,Setúbal,2.33,3.0,3.0,3.25,2.67,2.85
561,561,SAPO,Viseu,2.0,1.5,2.0,2.75,2.33,2.12
562,562,Grupo José de Mello,Bragança,2.67,4.5,3.33,2.75,2.33,3.12
563,563,Mota-Engil,Guarda,2.67,2.5,3.33,3.25,2.33,2.82
564,564,Bial,Porto,2.33,4.0,2.67,2.25,2.67,2.78
565,565,Sonae,Bragança,2.67,2.0,1.33,2.5,2.33,2.17
566,566,Lactogal,Porto,2.0,2.5,2.33,2.25,2.67,2.35
567,567,Move Interactive,Madeira,3.33,2.5,2.67,3.25,4.33,3.22
568,568,Altri,Leiria,2.33,2.0,2.67,2.75,1.67,2.28
569,569,TIMWE,Porto,2.67,2.0,2.67,2.75,2.33,2.48
570,570,UMM,Madeira,3.0,3.5,3.0,2.25,2.67,2.88
571,571,Semapa,Évora,2.0,3.0,3.33,3.0,2.67,2.8
572,572,Sonae,Beja,3.0,2.5,3.0,3.25,3.0,2.95
573,573,Soares da Costa,Viseu,3.0,4.0,2.67,3.0,1.67,2.87
574,574,Logoplaste,Viseu,3.33,3.0,2.67,3.5,3.67,3.23
575,575,Sonae Indústria,Setúbal,2.33,2.0,2.0,3.25,3.33,2.58
576,576,Unicer Brewery,Castelo Branco,3.33,2.5,4.67,2.75,2.0,3.05
577,577,Media Capital,Castelo Branco,3.0,2.0,4.0,3.0,2.67,2.93
578,578,Iberomoldes,Braga,2.67,3.5,1.67,3.75,3.33,2.98
579,579,Banco Comercial Português,Lisboa,2.0,2.0,1.33,3.25,2.67,2.25
580,580,Jerónimo Martins,Lisboa,2.33,2.0,3.0,1.75,2.67,2.35
581,581,Quidgest,Santarém,2.67,3.5,3.0,3.25,3.33,3.15
582,582,Media Capital,Madeira,2.33,3.5,3.0,4.0,3.67,3.3
583,583,Fábrica Nacional de Munições de Armas Ligeiras,Braga,2.0,5.0,3.0,2.0,3.67,3.13
584,584,Bial,Açores,2.33,3.0,4.33,3.75,3.33,3.35
585,585,Cofina,Bragança,3.0,3.0,3.33,3.5,3.0,3.17
586,586,Bial,Leiria,3.67,2.0,3.0,2.75,3.67,3.02
587,587,Churchill's Port,Guarda,2.67,4.5,2.67,3.25,3.0,3.22
588,588,Tabaqueira,Viana do Castelo,3.67,3.0,3.33,2.75,2.67,3.08
589,589,EFACEC,Bragança,3.0,3.0,2.67,3.25,3.33,3.05
590,590,Televisão Independente,Braga,3.0,4.0,3.0,2.5,2.67,3.03
591,591,TIMWE,Faro,3.33,4.0,3.0,3.0,3.33,3.33
592,592,Energias de Portugal (EDP),Vila Real,3.0,4.0,3.33,2.5,2.0,2.97
593,593,NOS,Açores,2.33,3.0,3.67,3.75,3.33,3.22
594,594,Sonae,Madeira,3.33,3.0,3.0,2.5,2.0,2.77
595,595,TIMWE,Açores,2.67,4.0,2.0,3.25,1.67,2.72
596,596,Televisão Independente,Porto,3.33,2.5,4.0,2.5,2.67,3.0
597,597,Vista Alegre,Madeira,3.67,3.0,3.33,3.25,2.67,3.18
598,598,Fábrica Nacional de Munições de Armas Ligeiras,Bragança,2.33,3.5,2.0,2.75,3.33,2.78
599,599,UMM,Beja,3.67,2.0,3.33,3.25,2.33,2.92
600,600,The Navigator Company,Viana do Castelo,2.67,4.0,3.33,2.75,3.33,3.22
601,601,Iberomoldes,Vila Real,3.33,3.5,2.0,3.5,3.33,3.13
602,602,Sonae Indústria,Leiria,3.67,3.0,3.0,3.75,3.33,3.35
603,603,Logoplaste,Santarém,3.0,3.5,3.0,2.25,2.33,2.82
604,604,Energias de Portugal (EDP),Viana do Castelo,3.0,1.5,3.33,2.75,3.0,2.72
605,605,Banco Comercial Português,Viseu,3.33,3.5,3.33,3.25,2.33,3.15
606,606,Vista Alegre,Vila Real,2.67,3.0,3.33,2.75,3.33,3.02
607,607,Sonae Indústria,Castelo Branco,3.33,3.5,1.33,3.0,4.0,3.03
608,608,Tabaqueira,Évora,2.33,3.5,2.33,3.0,2.0,2.63
609,609,Caixa Geral de Depósitos,Guarda,3.0,3.0,2.67,2.0,3.33,2.8
610,610,Central de Cervejas,Braga,3.33,2.5,3.33,2.0,2.67,2.77
611,611,Grupo José de Mello,Açores,2.67,3.5,2.67,3.5,3.0,3.07
612,612,"CTT Correios de Portugal, S.A. (CTT)",Bragança,3.33,2.5,2.67,3.5,3.33,3.07
613,613,Soares da Costa,Castelo Branco,3.0,3.5,2.33,2.75,4.0,3.12
614,614,Redes Energéticas Nacionais (REN),Açores,3.0,2.5,2.67,3.25,2.67,2.82
615,615,Soares da Costa,Viseu,3.33,3.0,3.67,3.0,3.33,3.27
616,616,Simoldes,Açores,2.33,3.0,2.0,3.0,4.0,2.87
617,617,UMM,Santarém,3.33,1.5,3.33,3.0,3.67,2.97
618,618,Carris,Setúbal,3.33,3.5,2.67,2.5,3.33,3.07
619,619,Altri,Castelo Branco,2.0,3.5,2.67,3.25,4.0,3.08
620,620,Vista Alegre,Lisboa,2.67,1.5,2.67,2.75,3.33,2.58
621,621,Visabeira,Castelo Branco,2.0,3.0,2.67,3.0,3.33,2.8
622,622,EFACEC,Évora,3.67,2.5,2.33,3.25,3.33,3.02
623,623,Grupo José de Mello,Aveiro,3.33,3.0,4.0,2.75,3.0,3.22
624,624,SIC,Portalegre,3.33,3.5,2.33,2.0,3.0,2.83
625,625,Vista Alegre,Açores,2.33,4.0,4.33,2.25,2.0,2.98
626,626,Iberomoldes,Coimbra,4.0,3.5,2.33,2.0,3.0,2.97
627,627,Conservas Ramirez,Leiria,2.67,4.0,3.33,2.5,2.67,3.03
628,628,Martifer,Braga,2.33,3.0,2.67,3.25,2.33,2.72
629,629,Porto Editora,Santarém,3.33,3.5,3.67,2.5,2.67,3.13
630,630,Tupam editores,Setúbal,1.67,3.0,2.0,3.25,1.67,2.32
631,631,Ciberbit,Santarém,2.33,3.5,3.0,3.25,4.0,3.22
632,632,MEO,Setúbal,3.0,2.5,3.67,1.75,3.67,2.92
633,633,Altri,Setúbal,2.67,3.5,3.33,2.5,2.0,2.8
634,634,Jerónimo Martins,Açores,4.0,3.5,3.33,3.5,2.33,3.33
635,635,Conservas Ramirez,Castelo Branco,3.67,3.0,3.33,2.75,3.33,3.22
636,636,Pingo Doce,Guarda,4.67,4.0,2.33,2.75,3.0,3.35
637,637,SAPO,Santarém,2.67,2.0,2.33,3.0,4.0,2.8
638,638,Sumol + Compal,Viana do Castelo,3.33,2.5,3.0,2.5,2.67,2.8
639,639,Martifer,Braga,3.33,3.5,3.0,2.75,3.0,3.12
640,640,Churchill's Port,Viana do Castelo,4.67,2.5,3.67,3.5,3.33,3.53
641,641,TIMWE,Vila Real,3.0,4.0,3.33,3.5,2.67,3.3
642,642,Rádio e Televisão de Portugal,Castelo Branco,3.0,3.5,2.0,3.5,3.33,3.07
643,643,Novabase,Viana do Castelo,2.67,3.5,3.33,3.25,3.0,3.15
644,644,Cofina,Beja,1.33,2.5,3.67,2.75,3.33,2.72
645,645,Semapa,Évora,2.67,3.0,2.67,3.0,3.33,2.93
646,646,Impresa,Coimbra,3.0,2.0,2.33,2.75,2.0,2.42
647,647,Novo Banco,Santarém,3.67,3.0,2.67,3.75,3.0,3.22
648,648,Carris,Viana do Castelo,3.0,1.5,3.0,3.25,2.0,2.55
649,649,Fábrica Nacional de Munições de Armas Ligeiras,Viseu,3.0,2.0,3.33,3.5,2.33,2.83
650,650,Fábrica Nacional de Munições de Armas Ligeiras,Braga,2.33,3.5,3.33,2.75,2.67,2.92
651,651,Pingo Doce,Guarda,3.0,3.0,4.33,2.5,2.0,2.97
652,652,Iberomoldes,Braga,2.33,3.0,2.67,2.5,3.33,2.77
653,653,Tranquilidade,Beja,3.0,2.5,3.0,2.0,3.0,2.7
654,654,Logoplaste,Évora,1.67,3.0,3.33,3.0,3.67,2.93
655,655,"CTT Correios de Portugal, S.A. (CTT)",Lisboa,3.0,3.0,4.0,2.5,3.67,3.23
656,656,Bial,Faro,2.67,2.0,3.0,2.5,2.67,2.57
657,657,Cofina,Portalegre,2.67,3.0,2.67,3.25,3.33,2.98
658,658,Churchill's Port,Braga,3.0,2.0,3.67,3.25,2.33,2.85
659,659,Sonae,Porto,3.0,3.5,4.0,2.25,2.67,3.08
660,660,Conservas Ramirez,Açores,4.0,2.5,3.67,3.5,3.0,3.33
661,661,CMS-Helmets,Portalegre,2.67,3.5,3.67,3.5,1.0,2.87
662,662,Ciberbit,Madeira,3.0,3.0,2.0,2.75,2.67,2.68
663,663,Lactogal,Açores,2.33,4.0,3.0,2.75,2.67,2.95
664,664,Porto Editora,Viana do Castelo,3.33,2.5,3.67,2.5,2.33,2.87
665,665,Tabaqueira,Braga,3.67,2.5,3.67,2.0,3.67,3.1
666,666,Biotecnol,Porto,3.33,3.5,2.33,2.75,2.0,2.78
667,667,Sonae,Faro,4.0,2.5,2.33,3.0,1.67,2.7
668,668,Delta Cafés,Santarém,3.33,3.5,3.67,4.5,3.0,3.6
669,669,Churchill's Port,Santarém,2.67,2.0,2.67,3.5,3.0,2.77
670,670,Vista Alegre,Setúbal,3.67,3.5,3.33,3.0,2.67,3.23
671,671,MEO,Beja,2.67,3.5,2.67,3.0,2.33,2.83
672,672,Simoldes,Leiria,2.0,2.5,3.0,3.25,2.67,2.68
673,673,Porto Editora,Braga,2.33,2.0,2.67,2.75,1.67,2.28
674,674,Move Interactive,Bragança,2.0,2.0,2.33,2.25,2.33,2.18
675,675,NOS,Vila Real,3.33,1.0,2.0,3.5,3.67,2.7
676,676,Move Interactive,Lisboa,3.0,1.5,3.0,1.5,3.33,2.47
677,677,Novabase,Coimbra,3.33,2.0,2.67,3.75,2.0,2.75
678,678,Fábrica Nacional de Munições de Armas Ligeiras,Setúbal,3.67,3.5,3.33,2.75,3.33,3.32
679,679,Impresa,Lisboa,3.0,2.5,1.67,3.5,3.0,2.73
680,680,Ironhack,Viseu,3.0,3.5,2.67,2.75,2.67,2.92
681,681,NOS,Lisboa,3.33,3.0,3.67,3.0,2.33,3.07
682,682,Corticeira Amorim,Coimbra,2.67,3.0,3.0,2.75,3.67,3.02
683,683,Tranquilidade,Braga,2.0,4.5,2.67,3.5,3.67,3.27
684,684,Vista Alegre,Lisboa,3.0,2.0,2.33,3.0,3.33,2.73
685,685,Critical Software,Viana do Castelo,3.0,2.5,3.67,3.0,3.33,3.1
686,686,Sonae,Lisboa,2.67,3.0,2.33,3.25,3.33,2.92
687,687,Ironhack,Leiria,2.67,3.0,3.0,2.5,3.0,2.83
688,688,Central de Cervejas,Beja,2.33,2.5,3.67,2.25,3.0,2.75
689,689,Move Interactive,Coimbra,2.0,2.0,2.67,4.5,2.33,2.7
690,690,Montepio,Beja,2.33,3.0,2.0,3.0,3.0,2.67
691,691,Rádio e Televisão de Portugal,Viana do Castelo,2.67,3.5,3.0,2.5,2.0,2.73
692,692,Logoplaste,Guarda,3.0,2.0,2.0,2.75,3.33,2.62
693,693,Cimpor,Setúbal,2.67,3.5,2.33,3.0,2.33,2.77
694,694,Altri,Santarém,3.33,2.5,3.33,2.25,3.0,2.88
695,695,Medinfar,Viseu,3.0,3.5,4.33,2.5,3.0,3.27
696,696,Tabaqueira,Coimbra,2.67,3.0,2.33,3.5,3.33,2.97
697,697,Bial,Portalegre,3.67,3.0,4.33,3.5,3.0,3.5
698,698,Energias de Portugal (EDP),Bragança,3.33,2.5,3.0,2.0,3.67,2.9
699,699,Central de Cervejas,Portalegre,3.0,2.0,3.0,2.0,2.67,2.53
700,700,Logoplaste,Évora,3.0,5.0,2.67,2.75,2.33,3.15
701,701,The Navigator Company,Setúbal,1.67,1.5,3.0,2.5,3.33,2.4
702,702,Tranquilidade,Lisboa,2.33,3.0,2.67,3.25,3.0,2.85
703,703,Novo Banco,Setúbal,3.0,4.0,3.0,4.0,3.33,3.47
704,704,Portugal Telecom,Porto,3.67,4.5,4.33,3.5,2.33,3.67
705,705,Uniplaces,Faro,3.0,3.0,2.67,4.0,3.67,3.27
706,706,Continente,Viseu,2.33,2.5,3.0,2.75,3.67,2.85
707,707,Churchill's Port,Faro,3.0,4.0,3.0,2.75,2.67,3.08
708,708,Critical Software,Braga,4.0,3.0,3.33,3.5,2.67,3.3
709,709,Rádio e Televisão de Portugal,Aveiro,2.67,3.5,3.0,1.5,3.0,2.73
710,710,Media Capital,Viseu,2.33,3.0,4.0,3.0,3.33,3.13
711,711,EFACEC,Lisboa,2.67,2.5,3.67,3.5,2.0,2.87
712,712,Renova,Braga,3.33,3.5,3.67,1.75,3.0,3.05
713,713,Continente,Castelo Branco,2.67,2.5,3.33,2.0,3.33,2.77
714,714,Jerónimo Martins,Vila Real,2.67,4.5,3.0,2.5,3.0,3.13
715,715,NOS,Porto,3.0,3.0,3.33,2.5,3.0,2.97
716,716,SIC,Aveiro,3.0,3.5,2.67,2.75,3.67,3.12
717,717,Impresa,Porto,2.33,3.0,3.33,3.5,2.33,2.9
718,718,SIC,Porto,3.0,4.0,3.0,3.0,3.0,3.2
719,719,Move Interactive,Guarda,2.67,2.5,3.33,3.0,3.33,2.97
720,720,Simoldes,Évora,2.0,3.5,3.67,3.25,3.0,3.08
721,721,MEO,Coimbra,2.67,2.5,3.33,2.25,3.33,2.82
722,722,Ironhack,Guarda,3.0,3.0,3.0,2.75,2.67,2.88
723,723,Continente,Vila Real,3.0,3.0,3.67,2.5,3.0,3.03
724,724,NOS,Açores,2.0,2.0,2.0,2.5,2.33,2.17
725,725,Novo Banco,Faro,2.0,3.5,2.33,2.5,1.33,2.33
726,726,Martifer,Santarém,3.67,2.5,2.33,2.75,2.33,2.72
727,727,Simoldes,Faro,2.33,3.0,2.67,2.5,2.67,2.63
728,728,Uniplaces,Viana do Castelo,3.67,4.0,3.67,2.25,3.67,3.45
729,729,Portugal Telecom,Porto,3.0,3.0,2.67,3.25,4.33,3.25
730,730,Simoldes,Açores,3.0,3.5,2.0,3.5,3.67,3.13
731,731,Redes Energéticas Nacionais (REN),Porto,2.67,3.5,4.33,3.5,3.33,3.47
732,732,Delta Cafés,Bragança,3.0,3.0,3.67,3.25,2.67,3.12
733,733,Altri,Vila Real,2.33,3.0,3.0,2.75,2.67,2.75
734,734,Bial,Portalegre,3.33,3.0,2.67,2.5,2.67,2.83
735,735,Logoplaste,Açores,2.33,3.0,4.0,3.75,3.33,3.28
736,736,Televisão Independente,Leiria,4.33,2.0,2.33,2.5,2.67,2.77
737,737,Cofina,Bragança,1.33,3.0,3.33,3.5,2.0,2.63
738,738,MEO,Évora,3.0,3.0,2.0,3.5,4.0,3.1
739,739,Sonae Indústria,Faro,3.33,4.0,3.0,2.25,2.0,2.92
740,740,EFACEC,Braga,3.33,3.5,4.0,2.5,2.67,3.2
741,741,Novo Banco,Madeira,4.0,4.0,4.33,2.75,3.67,3.75
742,742,Medinfar,Vila Real,2.33,2.0,2.33,2.5,2.0,2.23
743,743,UMM,Madeira,3.33,3.0,3.33,2.5,3.33,3.1
744,744,Tranquilidade,Lisboa,3.67,3.0,3.0,3.75,1.67,3.02
745,745,Ambar – Ideas on Paper S.A.,Castelo Branco,3.33,2.0,2.33,3.25,3.0,2.78
746,746,SAPO,Castelo Branco,3.0,2.5,4.0,2.5,3.33,3.07
747,747,Redes Energéticas Nacionais (REN),Braga,3.67,3.5,2.67,2.75,3.33,3.18
748,748,Altri,Évora,2.33,3.0,3.0,2.75,2.67,2.75
749,749,Ciberbit,Madeira,3.0,2.5,3.0,2.25,3.33,2.82
750,750,Banco Comercial Português,Faro,2.33,2.5,3.67,2.75,2.67,2.78
751,751,Simoldes,Leiria,3.0,4.0,2.0,3.25,3.33,3.12
752,752,SAPO,Viseu,2.67,3.0,3.33,2.25,3.67,2.98
753,753,Sovena Group,Vila Real,3.0,3.0,1.67,3.0,2.67,2.67
754,754,Porto Editora,Viseu,3.33,2.5,2.67,3.0,2.0,2.7
755,755,Impresa,Leiria,3.33,3.5,3.67,2.75,3.33,3.32
756,756,Mota-Engil,Castelo Branco,3.67,3.5,3.0,2.25,3.0,3.08
757,757,Caixa Geral de Depósitos,Coimbra,3.33,3.0,2.0,3.5,3.0,2.97
758,758,Cofina,Setúbal,2.67,2.5,2.67,2.75,2.33,2.58
759,759,Montepio,Castelo Branco,3.0,2.5,2.67,3.0,3.33,2.9
760,760,Chipidea,Viseu,2.67,2.0,4.0,3.0,3.33,3.0
761,761,Delta Cafés,Santarém,2.33,2.5,3.67,2.5,4.33,3.07
762,762,CMS-Helmets,Setúbal,3.0,2.5,2.67,2.75,2.67,2.72
763,763,CMS-Helmets,Évora,3.33,4.0,2.33,3.5,1.67,2.97
764,764,Caixa Geral de Depósitos,Madeira,3.0,2.5,3.0,2.5,3.33,2.87
765,765,Novabase,Guarda,3.67,2.5,3.33,2.5,2.67,2.93
766,766,Uniplaces,Coimbra,3.0,2.0,3.0,2.75,1.67,2.48
767,767,Sonae,Viseu,2.0,3.0,2.33,2.75,3.0,2.62
768,768,UMM,Leiria,3.33,3.0,3.0,3.75,3.0,3.22
769,769,Grupo José de Mello,Braga,3.0,3.0,3.0,3.25,2.67,2.98
770,770,Vista Alegre,Leiria,2.67,2.5,3.0,2.75,2.67,2.72
771,771,MEO,Aveiro,3.67,2.5,3.0,2.75,2.33,2.85
772,772,Novo Banco,Açores,2.0,3.0,3.0,2.75,2.0,2.55
773,773,Sonae,Viseu,3.33,3.5,2.67,3.75,2.33,3.12
774,774,Ironhack,Vila Real,2.33,3.0,3.0,3.5,3.0,2.97
775,775,Cofina,Leiria,2.67,3.5,3.33,2.75,4.0,3.25
776,776,Bial,Bragança,3.67,3.0,4.33,3.5,3.67,3.63
777,777,Rádio e Televisão de Portugal,Faro,3.67,2.5,2.67,3.0,2.0,2.77
778,778,Grupo José de Mello,Braga,4.33,3.5,3.67,2.75,3.33,3.52
779,779,Rádio e Televisão de Portugal,Beja,2.33,2.5,3.67,3.75,3.33,3.12
780,780,Conservas Ramirez,Faro,3.0,2.5,3.0,2.75,3.33,2.92
781,781,Iberomoldes,Setúbal,3.0,1.5,3.67,2.75,3.0,2.78
782,782,Corticeira Amorim,Viana do Castelo,3.0,3.5,3.0,2.0,2.67,2.83
783,783,Critical Software,Faro,2.67,3.5,2.67,4.0,2.33,3.03
784,784,Rádio e Televisão de Portugal,Madeira,2.33,2.5,3.0,4.0,3.0,2.97
785,785,Corticeira Amorim,Vila Real,2.67,2.0,2.67,3.0,3.33,2.73
786,786,Soares da Costa,Guarda,2.33,1.0,2.0,3.75,1.33,2.08
787,787,SIC,Braga,2.67,4.0,3.0,2.75,3.33,3.15
788,788,The Navigator Company,Beja,2.67,3.0,2.33,3.0,3.67,2.93
789,789,Cimpor,Santarém,2.67,3.5,3.67,2.75,2.67,3.05
790,790,Televisão Independente,Beja,2.33,3.5,3.0,2.0,3.0,2.77
791,791,Simoldes,Portalegre,2.67,2.5,2.33,2.25,3.0,2.55
792,792,Caixa Geral de Depósitos,Setúbal,3.0,4.0,3.33,3.0,3.0,3.27
793,793,Carris,Bragança,2.67,2.5,3.33,3.5,3.33,3.07
794,794,Simoldes,Coimbra,3.0,2.0,2.67,3.0,2.33,2.6
795,795,Rádio e Televisão de Portugal,Aveiro,3.0,4.0,2.33,3.0,3.33,3.13
796,796,Media Capital,Castelo Branco,3.0,2.0,2.67,3.0,2.67,2.67
797,797,Move Interactive,Lisboa,3.33,2.5,3.0,3.0,2.67,2.9
798,798,Semapa,Viana do Castelo,3.0,3.5,3.0,3.25,2.67,3.08
799,799,Ciberbit,Setúbal,3.0,4.0,2.67,2.25,3.0,2.98
800,800,Quidgest,Braga,1.67,2.5,1.33,2.75,4.0,2.45
801,801,Uniplaces,Portalegre,3.67,2.5,2.33,2.25,4.33,3.02
802,802,TAP Air Portugal,Viana do Castelo,2.67,2.5,3.0,2.75,3.0,2.78
803,803,Jerónimo Martins,Viseu,3.67,1.0,3.0,2.25,2.67,2.52
804,804,Altri,Viseu,2.33,3.5,3.67,1.75,2.67,2.78
805,805,Televisão Independente,Viana do Castelo,2.0,3.5,2.67,3.5,2.67,2.87
806,806,Televisão Independente,Évora,3.33,2.5,2.33,2.75,3.33,2.85
807,807,Tabaqueira,Braga,2.67,4.0,2.0,3.25,3.33,3.05
808,808,Unicer Brewery,Vila Real,2.33,2.5,2.67,3.0,3.33,2.77
809,809,Altri,Coimbra,2.67,2.5,3.33,3.5,2.67,2.93
810,810,Biotecnol,Braga,3.33,2.5,3.33,2.75,3.0,2.98
811,811,Tupam editores,Lisboa,3.0,3.5,2.33,2.25,3.33,2.88
812,812,Montepio,Açores,3.33,2.5,2.33,2.5,3.33,2.8
813,813,"CTT Correios de Portugal, S.A. (CTT)",Aveiro,3.0,3.0,3.67,2.75,2.67,3.02
814,814,Central de Cervejas,Bragança,1.67,3.0,3.33,2.75,3.0,2.75
815,815,Media Capital,Viseu,4.0,4.0,3.0,3.5,3.33,3.57
816,816,Energias de Portugal (EDP),Castelo Branco,3.33,2.0,3.33,2.75,4.33,3.15
817,817,Altri,Leiria,2.33,2.5,2.67,2.5,2.0,2.4
818,818,Renova,Leiria,3.67,2.0,3.0,2.75,4.0,3.08
819,819,Sonae Indústria,Viseu,3.0,3.0,3.33,3.5,3.0,3.17
820,820,Portugal Telecom,Viana do Castelo,3.0,5.0,3.0,4.0,3.0,3.6
821,821,Energias de Portugal (EDP),Vila Real,2.67,3.5,3.0,3.25,3.67,3.22
822,822,Tupam editores,Portalegre,3.33,2.0,3.0,2.5,2.33,2.63
823,823,Sovena Group,Braga,3.67,2.5,4.0,3.5,2.33,3.2
824,824,"CTT Correios de Portugal, S.A. (CTT)",Lisboa,2.67,3.5,3.67,3.25,4.0,3.42
825,825,Carris,Leiria,2.67,2.0,2.67,2.75,4.0,2.82
826,826,Caixa Geral de Depósitos,Bragança,4.0,3.5,2.67,3.0,3.0,3.23
827,827,Impresa,Vila Real,3.67,2.5,3.33,3.75,2.0,3.05
828,828,Logoplaste,Viseu,3.0,3.0,2.33,2.75,3.0,2.82
829,829,Media Capital,Leiria,3.33,4.0,3.0,3.5,2.67,3.3
830,830,EFACEC,Madeira,2.67,2.5,4.0,2.5,2.67,2.87
831,831,Tupam editores,Açores,3.67,2.5,2.33,3.5,3.33,3.07
832,832,Soares da Costa,Santarém,4.0,2.0,1.67,3.0,2.33,2.6
833,833,Ironhack,Castelo Branco,3.67,3.5,3.0,2.75,2.33,3.05
834,834,Rádio e Televisão de Portugal,Vila Real,2.67,3.0,3.33,3.5,2.67,3.03
835,835,SAPO,Beja,2.67,2.5,3.33,2.5,2.67,2.73
836,836,Medinfar,Vila Real,3.0,3.0,3.67,3.75,4.0,3.48
837,837,EFACEC,Bragança,2.33,3.0,3.67,2.75,3.33,3.02
838,838,Impresa,Porto,2.33,3.0,4.0,3.5,4.0,3.37
839,839,Sovena Group,Açores,2.33,3.0,3.0,2.75,2.33,2.68
840,840,Central de Cervejas,Aveiro,2.33,1.5,3.33,3.25,4.0,2.88
841,841,Pingo Doce,Braga,3.67,4.0,2.67,4.0,3.67,3.6
842,842,Visabeira,Bragança,3.67,3.5,2.33,2.75,2.33,2.92
843,843,Novabase,Évora,3.33,3.0,3.33,2.75,3.67,3.22
844,844,NOS,Braga,3.67,2.5,3.0,3.25,3.0,3.08
845,845,MEO,Guarda,2.67,2.0,2.33,2.25,3.0,2.45
846,846,Glintt,Beja,2.67,3.5,2.33,3.0,2.0,2.7
847,847,Carris,Madeira,3.67,2.5,3.0,2.5,3.0,2.93
848,848,Cofina,Porto,3.0,3.0,4.33,3.25,2.67,3.25
849,849,Churchill's Port,Aveiro,4.0,2.5,2.67,2.75,2.0,2.78
850,850,EFACEC,Leiria,2.67,1.5,4.33,3.25,2.0,2.75
851,851,Cofina,Lisboa,2.67,1.0,3.33,2.75,3.0,2.55
852,852,Cofina,Lisboa,3.33,2.0,3.0,2.25,3.0,2.72
853,853,Vista Alegre,Viana do Castelo,2.67,3.0,3.33,2.5,2.0,2.7
854,854,Corticeira Amorim,Coimbra,2.67,2.0,3.33,2.0,2.67,2.53
855,855,Ironhack,Faro,3.33,2.5,3.33,3.25,3.67,3.22
856,856,Rádio e Televisão de Portugal,Viana do Castelo,4.0,1.5,2.67,2.75,1.67,2.52
857,857,Delta Cafés,Açores,3.0,3.5,2.67,2.75,1.0,2.58
858,858,SIC,Faro,3.33,2.5,2.33,3.0,2.33,2.7
859,859,Pingo Doce,Bragança,3.33,3.5,2.67,2.75,3.0,3.05
860,860,Montepio,Viana do Castelo,1.67,2.5,3.33,3.75,3.0,2.85
861,861,UMM,Viseu,2.0,2.0,3.33,2.75,3.33,2.68
862,862,Unicer Brewery,Madeira,3.33,4.0,2.67,4.0,3.67,3.53
863,863,Corticeira Amorim,Beja,2.33,2.5,2.33,2.25,2.67,2.42
864,864,Glintt,Castelo Branco,2.0,3.0,2.0,3.25,2.33,2.52
865,865,NOS,Faro,3.33,3.0,4.0,2.25,3.33,3.18
866,866,Tabaqueira,Évora,2.33,2.5,4.0,3.0,2.67,2.9
867,867,Impresa,Leiria,2.33,4.5,3.0,3.5,4.33,3.53
868,868,Cimpor,Lisboa,3.33,2.5,4.0,3.0,2.67,3.1
869,869,Altri,Leiria,2.67,2.5,3.33,3.25,2.67,2.88
870,870,Uniplaces,Leiria,3.0,3.5,2.67,2.25,3.0,2.88
871,871,Biotecnol,Évora,2.33,3.0,2.67,3.5,3.0,2.9
872,872,Tranquilidade,Braga,3.33,3.5,3.0,3.5,3.0,3.27
873,873,Novo Banco,Viana do Castelo,3.33,1.5,3.0,2.75,3.0,2.72
874,874,Novabase,Setúbal,3.67,3.0,3.33,3.0,3.67,3.33
875,875,Conservas Ramirez,Castelo Branco,5.0,2.5,2.0,2.75,2.0,2.85
876,876,Unicer Brewery,Faro,2.0,2.0,4.0,3.0,2.67,2.73
877,877,Unicer Brewery,Vila Real,2.33,2.0,3.0,2.75,3.67,2.75
878,878,NOS,Coimbra,3.67,3.0,3.0,3.0,3.0,3.13
879,879,MEO,Portalegre,2.0,2.5,4.33,3.25,2.33,2.88
880,880,Tranquilidade,Coimbra,1.67,3.0,2.33,2.5,4.33,2.77
881,881,Ciberbit,Guarda,4.0,2.0,1.67,2.5,3.33,2.7
882,882,SAPO,Coimbra,3.33,2.5,2.33,2.5,3.33,2.8
883,883,Move Interactive,Beja,3.67,2.5,3.0,3.25,3.33,3.15
884,884,Renova,Madeira,3.0,3.0,3.67,2.5,2.33,2.9
885,885,Banco Comercial Português,Santarém,3.0,3.5,3.67,3.0,2.67,3.17
886,886,Sonae Indústria,Braga,4.0,3.0,3.33,2.5,4.0,3.37
887,887,Visabeira,Beja,3.33,2.5,2.67,4.0,2.33,2.97
888,888,Churchill's Port,Viana do Castelo,3.67,3.5,3.0,3.0,2.33,3.1
889,889,Fábrica Nacional de Munições de Armas Ligeiras,Madeira,3.67,3.5,3.0,3.75,2.33,3.25
890,890,Logoplaste,Porto,1.33,2.5,3.67,3.0,3.0,2.7
891,891,Lactogal,Évora,4.0,4.0,2.67,3.5,3.0,3.43
892,892,Bial,Évora,2.33,3.0,3.33,3.0,3.0,2.93
893,893,Novo Banco,Bragança,3.67,3.0,4.33,2.25,2.33,3.12
894,894,Energias de Portugal (EDP),Porto,3.0,3.5,3.33,2.75,2.33,2.98
895,895,Bial,Açores,2.67,2.0,4.0,2.5,3.33,2.9
896,896,SAPO,Faro,3.67,3.5,4.0,3.75,3.67,3.72
897,897,Medinfar,Coimbra,2.0,2.0,3.0,2.5,2.0,2.3
898,898,Vista Alegre,Setúbal,2.0,2.5,2.33,3.5,3.67,2.8
899,899,TIMWE,Braga,3.0,4.5,3.33,2.75,2.33,3.18
900,900,Corticeira Amorim,Setúbal,3.0,3.0,1.33,3.75,3.67,2.95
901,901,Bial,Porto,3.33,3.5,2.33,2.5,3.0,2.93
902,902,Semapa,Leiria,2.67,4.0,3.33,2.5,1.67,2.83
903,903,Ambar – Ideas on Paper S.A.,Guarda,3.33,2.0,3.33,3.0,3.67,3.07
904,904,Novabase,Coimbra,3.67,2.5,3.0,2.5,3.0,2.93
905,905,Novo Banco,Lisboa,3.0,2.5,2.33,2.75,3.33,2.78
906,906,SAPO,Porto,2.67,2.5,4.0,3.25,2.0,2.88
907,907,Impresa,Faro,3.67,4.0,3.0,2.75,3.67,3.42
908,908,Redes Energéticas Nacionais (REN),Madeira,3.0,3.0,3.0,2.5,3.0,2.9
909,909,TIMWE,Guarda,1.67,2.5,2.33,2.75,2.67,2.38
910,910,Iberomoldes,Coimbra,3.0,1.5,3.0,3.5,2.67,2.73
911,911,The Navigator Company,Açores,3.67,2.5,3.33,3.0,3.33,3.17
912,912,Cofina,Aveiro,2.33,1.5,3.33,2.75,3.33,2.65
913,913,Uniplaces,Lisboa,2.0,3.5,3.0,3.0,3.0,2.9
914,914,Carris,Leiria,3.0,3.5,2.33,3.25,3.33,3.08
915,915,"CTT Correios de Portugal, S.A. (CTT)",Santarém,3.0,2.0,3.67,3.0,3.33,3.0
916,916,Jerónimo Martins,Guarda,3.0,3.5,3.0,3.25,3.33,3.22
917,917,Bial,Braga,2.33,3.5,2.33,2.5,3.67,2.87
918,918,Carris,Coimbra,3.67,3.5,3.67,2.75,2.67,3.25
919,919,Bial,Beja,3.33,2.0,2.67,2.75,3.0,2.75
920,920,Rádio e Televisão de Portugal,Açores,2.67,3.5,2.67,4.0,3.33,3.23
921,921,Unicer Brewery,Castelo Branco,2.67,2.5,3.0,3.0,3.67,2.97
922,922,Redes Energéticas Nacionais (REN),Porto,2.67,3.0,2.67,3.25,3.0,2.92
923,923,Renova,Guarda,2.33,2.5,3.0,3.5,3.33,2.93
924,924,Central de Cervejas,Bragança,4.0,2.5,1.67,2.5,2.67,2.67
925,925,Galp Energia,Madeira,3.33,3.0,2.33,2.5,2.33,2.7
926,926,NOS,Aveiro,3.33,3.0,3.0,3.0,3.67,3.2
927,927,Iberomoldes,Portalegre,2.0,3.5,3.67,4.0,3.0,3.23
928,928,Unicer Brewery,Guarda,2.67,3.0,3.67,2.5,2.67,2.9
929,929,Novo Banco,Faro,2.33,3.0,3.0,3.0,3.0,2.87
930,930,Biotecnol,Aveiro,3.67,2.0,3.0,3.25,4.0,3.18
931,931,Jerónimo Martins,Lisboa,3.33,2.0,2.67,2.5,3.0,2.7
932,932,Glintt,Braga,2.67,4.0,2.67,3.25,3.0,3.12
933,933,Media Capital,Évora,2.67,3.0,2.33,3.0,2.67,2.73
934,934,Martifer,Bragança,2.0,5.0,3.0,3.0,3.0,3.2
935,935,Novabase,Braga,2.33,4.0,3.67,3.0,3.33,3.27
936,936,Tabaqueira,Setúbal,4.33,2.0,2.33,4.0,3.33,3.2
937,937,Novo Banco,Setúbal,2.33,4.5,2.33,2.5,2.0,2.73
938,938,Visabeira,Coimbra,2.33,4.5,3.0,3.25,3.0,3.22
939,939,Corticeira Amorim,Faro,4.33,3.5,3.67,2.25,2.33,3.22
940,940,Altri,Vila Real,2.67,3.0,2.67,2.5,2.33,2.63
941,941,Media Capital,Coimbra,3.33,2.0,2.67,3.0,3.33,2.87
942,942,Continente,Guarda,2.33,3.5,1.67,3.25,3.33,2.82
943,943,Ironhack,Bragança,3.67,3.5,3.0,3.0,3.67,3.37
944,944,Bial,Bragança,2.67,2.0,2.67,3.75,4.0,3.02
945,945,Continente,Bragança,3.0,3.5,3.33,3.0,3.0,3.17
946,946,Banco Comercial Português,Coimbra,3.67,3.0,3.33,2.75,3.0,3.15
947,947,Televisão Independente,Açores,4.33,2.0,3.67,3.0,3.0,3.2
948,948,Lactogal,Viseu,2.33,2.5,2.0,3.5,2.67,2.6
949,949,Ambar – Ideas on Paper S.A.,Bragança,2.0,3.0,3.33,3.75,2.67,2.95
950,950,Impresa,Lisboa,3.0,2.0,2.33,3.0,4.0,2.87
951,951,Montepio,Leiria,2.67,4.5,3.67,3.0,2.33,3.23
952,952,Televisão Independente,Braga,3.33,4.5,2.67,4.0,3.0,3.5
953,953,Cimpor,Viana do Castelo,2.67,3.5,2.0,2.25,2.67,2.62
954,954,Grupo José de Mello,Madeira,3.33,4.0,2.33,2.75,4.33,3.35
955,955,Altri,Viseu,2.67,2.5,2.67,2.75,2.33,2.58
956,956,Sonae Indústria,Portalegre,3.0,1.5,1.67,2.5,2.0,2.13
957,957,Altri,Leiria,3.67,2.5,3.33,2.5,2.67,2.93
958,958,Ciberbit,Évora,2.67,4.5,2.33,3.25,3.0,3.15
959,959,UMM,Porto,3.33,3.0,2.0,2.25,3.67,2.85
960,960,Galp Energia,Vila Real,3.0,2.0,3.0,2.25,2.67,2.58
961,961,Grupo José de Mello,Bragança,3.0,3.0,3.0,3.5,2.0,2.9
962,962,Visabeira,Castelo Branco,2.67,2.5,2.0,2.0,2.33,2.3
963,963,SAPO,Viseu,3.0,3.5,4.33,3.25,3.33,3.48
964,964,TAP Air Portugal,Castelo Branco,3.33,3.5,3.33,3.5,3.33,3.4
965,965,Media Capital,Santarém,4.0,1.5,3.0,3.5,3.0,3.0
966,966,Banco Comercial Português,Vila Real,3.67,2.5,2.67,4.0,3.67,3.3
967,967,Media Capital,Vila Real,3.67,3.0,1.67,2.5,3.33,2.83
968,968,Medinfar,Madeira,2.33,4.0,3.33,2.0,2.67,2.87
969,969,Iberomoldes,Vila Real,3.0,2.5,3.33,3.25,3.33,3.08
970,970,SIC,Coimbra,2.67,5.0,4.33,2.5,2.0,3.3
971,971,Simoldes,Lisboa,3.33,2.0,2.33,2.0,2.0,2.33
972,972,Galp Energia,Évora,2.67,2.5,2.33,3.0,3.0,2.7
973,973,Uniplaces,Braga,2.67,3.0,3.0,2.5,3.0,2.83
974,974,Soares da Costa,Lisboa,2.33,4.0,3.67,1.75,2.0,2.75
975,975,Fábrica Nacional de Munições de Armas Ligeiras,Viana do Castelo,2.67,2.5,3.33,3.0,2.67,2.83
976,976,Semapa,Viseu,2.0,3.5,3.33,2.75,2.67,2.85
977,977,TIMWE,Setúbal,4.0,4.0,3.33,3.0,3.67,3.6
978,978,Tupam editores,Porto,3.67,2.5,2.0,3.75,3.33,3.05
979,979,EFACEC,Beja,2.33,3.0,2.33,3.0,4.33,3.0
980,980,"CTT Correios de Portugal, S.A. (CTT)",Castelo Branco,3.33,3.5,3.67,2.25,4.0,3.35
981,981,Jerónimo Martins,Leiria,3.33,2.5,3.67,4.0,3.0,3.3
982,982,NOS,Coimbra,3.0,3.0,2.0,2.0,3.67,2.73
983,983,Televisão Independente,Porto,2.33,3.0,2.67,2.0,3.33,2.67
984,984,Sovena Group,Viseu,3.33,2.5,3.0,3.5,2.67,3.0
985,985,Media Capital,Lisboa,2.0,2.5,3.0,2.75,3.33,2.72
986,986,Soares da Costa,Braga,3.33,2.0,3.0,2.75,3.0,2.82
987,987,UMM,Vila Real,3.0,3.0,2.33,3.25,3.33,2.98
988,988,Semapa,Braga,3.33,3.5,3.0,3.0,3.0,3.17
989,989,Sovena Group,Castelo Branco,3.0,4.0,3.67,2.5,1.33,2.9
990,990,Renova,Lisboa,3.33,3.0,2.67,3.25,3.33,3.12
991,991,Medinfar,Vila Real,3.0,3.5,3.0,3.0,1.67,2.83
992,992,Altri,Setúbal,3.67,1.5,3.0,2.25,3.33,2.75
993,993,"CTT Correios de Portugal, S.A. (CTT)",Açores,2.67,3.0,3.0,2.25,4.0,2.98
994,994,Novo Banco,Leiria,3.0,3.5,2.67,2.25,3.0,2.88
995,995,Ironhack,Aveiro,2.67,2.5,3.67,3.0,3.0,2.97
996,996,TIMWE,Bragança,3.0,3.5,3.33,3.75,2.67,3.25
997,997,Impresa,Lisboa,3.67,2.5,2.33,3.5,3.33,3.07
998,998,SAPO,Guarda,4.0,3.0,2.0,3.25,3.67,3.18
999,999,Uniplaces,Setúbal,2.33,4.5,2.67,3.0,4.0,3.3
